Submission id,Participant id,Status,Custom study tncs accepted at,Started at,Completed at,Reviewed at,Archived at,Time taken,Completion code,Total approvals,Age,Sex,Ethnicity simplified,Country of birth,Country of residence,Nationality,Language,Student status,Employment status
6a70cea3896ee692fe1b11b9,694170a12e9a4a93384d6962,RETURNED,Not Applicable,,,,2026-08-03T19:25:21.417300Z,,,1400,CONSENT_REVOKED,CONSENT_REVOKED,CONSENT_REVOKED,CONSENT_REVOKED,CONSENT_REVOKED,CONSENT_REVOKED,CONSENT_REVOKED,CONSENT_REVOKED,CONSENT_REVOKED
6a70cea752483fd3d4ffb45e,69f4d533e2b0eecf7beda231,APPROVED,Not Applicable,2026-08-03T17:23:55.648000Z,2026-08-03T17:38:52.748000Z,2026-08-03T20:42:29.557000Z,2026-08-03T17:38:53.866542Z,898.0,C3DGP1B9,1973,36,Female,White,United States,United States,United States,English,No,Unemployed (and job seeking)
6a70ceac5716cac435d49b42,69fe1b668da9c98cd2ae398b,APPROVED,Not Applicable,2026-08-03T17:25:41.417000Z,2026-08-03T18:10:26.081000Z,2026-08-03T20:42:29.864000Z,2026-08-03T18:10:26.501525Z,2685.0,C3DGP1B9,807,35,Female,Black,United States,United States,United States,English,No,Unemployed (and job seeking)
6a70ceac6c7344a88f60b48b,5d75c56a52c89d0017df611c,APPROVED,Not Applicable,2026-08-03T17:24:04.766000Z,2026-08-03T17:57:10.029000Z,2026-08-03T20:42:30.171000Z,2026-08-03T17:57:10.467136Z,1986.0,C3DGP1B9,6460,44,Female,Black,United States,United States,United States,English,DATA_EXPIRED,DATA_EXPIRED
6a70ceadec930ec61102cff1,6990045689cf6bafc0d83c99,APPROVED,Not Applicable,2026-08-03T17:24:30.809000Z,2026-08-03T17:59:23.098000Z,2026-08-03T20:53:54.598000Z,2026-08-03T17:59:23.597587Z,2093.0,C3DGP1B9,1637,55,Female,White,United States,United States,United States,English,No,Other
6a70ceaef205667db9017d5f,6a075c97f74183d5db618583,APPROVED,Not Applicable,2026-08-03T17:25:38.280000Z,2026-08-03T18:06:05.466000Z,2026-08-03T20:42:31.223000Z,2026-08-03T18:06:05.899440Z,2428.0,C3DGP1B9,799,28,Female,Other,United States,United States,United States,Spanish,No,Full-Time
6a70ceafe3b2bcd5e4a2809f,695fd76cdc573c0c342fa134,APPROVED,Not Applicable,2026-08-03T17:24:52.166000Z,2026-08-03T17:46:03.689000Z,2026-08-03T20:42:31.546000Z,2026-08-03T17:46:04.277657Z,1272.0,C3DGP1B9,3356,37,Female,White,United States,United States,United States,English,No,Full-Time
6a70ceb0cceee6b0ce63d8fb,6314c1e76c3f71e2127f1976,APPROVED,Not Applicable,2026-08-03T17:24:09.463000Z,2026-08-03T17:56:46.102000Z,2026-08-03T20:42:25.992000Z,2026-08-03T17:56:46.517731Z,1957.0,C3DGP1B9,9238,45,Male,White,United States,United States,United States,English,No,Unemployed (and job seeking)
6a70cf09378d0455a92bb0b0,589f4b4b4d580c0001e0a155,APPROVED,Not Applicable,2026-08-03T17:25:32.764000Z,2026-08-03T17:47:55.688000Z,2026-08-03T20:53:52.924000Z,2026-08-03T17:47:56.083671Z,1343.0,C3DGP1B9,7207,34,Male,Asian,China,United States,United States,English,No,Full-Time
6a70d23af4f3fab7ef875930,69f696d27ac45dc790f18c0f,APPROVED,Not Applicable,2026-08-03T17:39:12.939000Z,2026-08-03T17:54:42.736000Z,2026-08-03T20:53:54.914000Z,2026-08-03T17:54:43.170451Z,930.0,C3DGP1B9,479,21,Female,White,United States,United States,United States,English,No,Unemployed (and job seeking)
6a70d3e049e5cc608ba840ad,6a0c66a7b76729eaaa065a16,AWAITING REVIEW,Not Applicable,2026-08-03T17:47:01.329000Z,2026-08-03T18:06:44.723000Z,,2026-08-03T18:06:45.179782Z,1184.0,C3DGP1B9,881,43,Male,Black,Guyana,United States,United States,English,No,Full-Time
6a70d4554786ab134a80c09d,675a111d5939b57de3a767f4,RETURNED,Not Applicable,2026-08-03T17:48:12.133000Z,,,2026-08-03T19:25:21.420108Z,,,734,CONSENT_REVOKED,CONSENT_REVOKED,CONSENT_REVOKED,CONSENT_REVOKED,CONSENT_REVOKED,CONSENT_REVOKED,CONSENT_REVOKED,CONSENT_REVOKED,CONSENT_REVOKED
6a70d53f3adf4d1d94c4d487,6a22e0aa1e09f5dd75a7b43e,RETURNED,Not Applicable,2026-08-03T17:52:05.077000Z,,,2026-08-03T19:25:21.420077Z,,,528,CONSENT_REVOKED,CONSENT_REVOKED,CONSENT_REVOKED,CONSENT_REVOKED,CONSENT_REVOKED,CONSENT_REVOKED,CONSENT_REVOKED,CONSENT_REVOKED,CONSENT_REVOKED
6a70d5d42498fa20f9ec64f3,69fb85a859fa68dad13c7f1a,AWAITING REVIEW,Not Applicable,2026-08-03T17:54:35.311000Z,2026-08-03T18:01:56.851000Z,,2026-08-03T18:01:57.335286Z,442.0,C3DGP1B9,923,62,Male,Black,Dominican Republic,United States,Dominican Republic,Spanish,No,Unemployed (and job seeking)
6a70d5e33325b665506a7c8b,64abee38a80dfb5e45212487,APPROVED,Not Applicable,2026-08-03T17:55:00.091000Z,2026-08-03T18:19:25.629000Z,2026-08-03T20:42:26.304000Z,2026-08-03T18:19:26.157974Z,1466.0,C3DGP1B9,5529,47,Male,White,United States,United States,United States,English,DATA_EXPIRED,DATA_EXPIRED
6a70d669851137a1620f1066,6654b7668e8642303bbc2fa7,AWAITING REVIEW,Not Applicable,2026-08-03T17:57:02.263000Z,2026-08-03T18:06:21.139000Z,,2026-08-03T18:06:21.612702Z,559.0,C3DGP1B9,7865,43,Female,White,United States,United States,United States,English,No,Full-Time
6a70d67634fb687afec4d4cd,69daaab3449a7e94fc046b59,AWAITING REVIEW,Not Applicable,2026-08-03T17:57:24.627000Z,2026-08-03T18:10:22.632000Z,,2026-08-03T18:10:23.077689Z,779.0,C3DGP1B9,976,36,Female,White,United States,United States,United States,English,No,Full-Time
6a70d6768987a3a98ff5d827,69f0438cc141b27ed949788e,RETURNED,Not Applicable,2026-08-03T17:57:13.895000Z,,,2026-08-03T19:25:21.421485Z,,,875,CONSENT_REVOKED,CONSENT_REVOKED,CONSENT_REVOKED,CONSENT_REVOKED,CONSENT_REVOKED,CONSENT_REVOKED,CONSENT_REVOKED,CONSENT_REVOKED,CONSENT_REVOKED
6a70d7546a4d775c64055bfa,69e52b5d0ccd3321f5423f33,APPROVED,Not Applicable,2026-08-03T18:01:13.543000Z,2026-08-03T18:25:19.402000Z,2026-08-03T20:53:53.285000Z,2026-08-03T18:25:19.884325Z,1446.0,C3DGP1B9,2178,35,Male,White,United States,United States,United States,English,No,Full-Time
6a70d7a50aa87b0774fee472,69d59bb26cbbb9ca14a5eb04,APPROVED,Not Applicable,2026-08-03T18:03:16.228000Z,2026-08-03T18:26:38.666000Z,2026-08-03T20:42:31.891000Z,2026-08-03T18:26:39.139074Z,1403.0,C3DGP1B9,2824,33,Female,White,United States,United States,United States,English,No,Other
6a70d7bf1787090c000a5e80,69fda8474a0f8f4461cfe10b,APPROVED,Not Applicable,2026-08-03T18:02:49.245000Z,2026-08-03T18:27:58.844000Z,2026-08-04T01:35:13.008000Z,2026-08-03T18:27:59.256363Z,1510.0,C3DGP1B9,247,36,Male,Black,United States,United States,United States,English,No,Unemployed (and job seeking)
6a70d7c1e361cc590723d004,677c3d638b3b40fc2c99292e,APPROVED,Not Applicable,2026-08-03T18:02:45.346000Z,2026-08-03T18:20:37.333000Z,2026-08-03T20:42:26.625000Z,2026-08-03T18:20:37.754548Z,1072.0,C3DGP1B9,1970,48,Male,White,United Kingdom,United States,United States,English,DATA_EXPIRED,DATA_EXPIRED
6a70d8a991fe716a03c7be55,5be9ce784f251d00015ce92e,APPROVED,Not Applicable,2026-08-03T18:06:36.530000Z,2026-08-03T18:32:29.707000Z,2026-08-03T20:42:26.950000Z,2026-08-03T18:32:30.128725Z,1554.0,C3DGP1B9,6395,35,Male,White,United States,United States,United States,English,No,Full-Time
6a70d8b452f2dfa1de601c41,5c439193f114f2000195658e,APPROVED,Not Applicable,2026-08-03T18:06:48.620000Z,2026-08-03T18:26:09.644000Z,2026-08-03T20:42:27.257000Z,2026-08-03T18:26:10.231938Z,1162.0,C3DGP1B9,6186,44,Male,White,United States,United States,United States,English,No,Full-Time
6a70d9a0b5e34b913fe927c0,69f1500d4226fde9ef7715c0,APPROVED,Not Applicable,2026-08-03T18:10:45.607000Z,2026-08-03T18:25:16.673000Z,2026-08-03T20:42:27.570000Z,2026-08-03T18:25:17.159832Z,872.0,C3DGP1B9,1424,39,Male,White,United States,United States,United States,English,Yes,Part-Time
6a70dbba85016a9a54e5a3f2,672feab4c04c20d23bc0e95d,APPROVED,Not Applicable,2026-08-03T18:19:42.690000Z,2026-08-03T18:32:24.165000Z,2026-08-03T20:42:27.910000Z,2026-08-03T18:32:24.608695Z,762.0,C3DGP1B9,2147,35,Male,White,United States,United States,United States,English,No,Full-Time
6a70dc02a4f4935d371f557d,6a0b5a96fe231d5456c260ed,RETURNED,Not Applicable,2026-08-03T18:21:02.566000Z,,,2026-08-03T19:25:21.422666Z,,,582,CONSENT_REVOKED,CONSENT_REVOKED,CONSENT_REVOKED,CONSENT_REVOKED,CONSENT_REVOKED,CONSENT_REVOKED,CONSENT_REVOKED,CONSENT_REVOKED,CONSENT_REVOKED
6a70dd1389ddd5ae24e79b83,69417a0acb55e4317e5a25bf,APPROVED,Not Applicable,2026-08-03T18:25:27.314000Z,2026-08-03T18:42:07.328000Z,2026-08-03T20:42:32.232000Z,2026-08-03T18:42:07.759716Z,1001.0,C3DGP1B9,416,22,Female,White,United States,United States,United States,English,Yes,Due to start a new job within the next month
6a70dd146ed61609e05e36af,6a224c6f9967238ba726f691,APPROVED,Not Applicable,2026-08-03T18:28:56.644000Z,2026-08-03T18:50:06.095000Z,2026-08-03T20:53:55.228000Z,2026-08-03T18:50:06.606175Z,1270.0,C3DGP1B9,744,42,Female,White,United States,United States,United States,English,No,Full-Time
6a70dd441ed8f792f1c67544,66c6361a620242489fb2e6a4,APPROVED,Not Applicable,2026-08-03T18:26:21.139000Z,2026-08-03T18:46:23.431000Z,2026-08-03T20:42:32.567000Z,2026-08-03T18:46:23.885549Z,1203.0,C3DGP1B9,298,36,Female,Other,United Kingdom,United States,United States,English,Yes,Full-Time
6a70dd609bd37bff75e1c50a,69b6ed836c20e2e45fa2256c,APPROVED,Not Applicable,2026-08-03T18:26:46.109000Z,2026-08-03T18:46:17.494000Z,2026-08-03T20:42:32.884000Z,2026-08-03T18:46:17.988201Z,1172.0,C3DGP1B9,779,49,Female,Other,United States,United States,United States,English,No,Part-Time
6a70dd6af9687f2d62ae758b,674a4a20e4fe597a6989b986,APPROVED,Not Applicable,2026-08-03T18:26:53.481000Z,2026-08-03T18:52:49.011000Z,2026-08-03T20:42:33.241000Z,2026-08-03T18:52:49.606877Z,1556.0,C3DGP1B9,947,20,Female,Mixed,United States,United States,United States,English,No,Part-Time
6a70ddaf2370f42853f6b46f,6a1b8ef923b25b0db3d417bb,RETURNED,Not Applicable,2026-08-03T18:27:59.172000Z,,,2026-08-03T19:25:21.447956Z,,,999,CONSENT_REVOKED,CONSENT_REVOKED,CONSENT_REVOKED,CONSENT_REVOKED,CONSENT_REVOKED,CONSENT_REVOKED,CONSENT_REVOKED,CONSENT_REVOKED,CONSENT_REVOKED
6a70dec74328984c332146c0,69f2ae189ec685ef5b4c81fe,APPROVED,Not Applicable,2026-08-03T18:32:44.271000Z,2026-08-03T18:54:23.418000Z,2026-08-03T20:53:53.626000Z,2026-08-03T18:54:23.913808Z,1300.0,C3DGP1B9,1528,30,Male,Mixed,United States,United States,United States,English,No,Unemployed (and job seeking)
6a70decafbc21f4a63d8b293,697ce0f69dd5e8347217dfb0,RETURNED,Not Applicable,2026-08-03T18:32:50.519000Z,,,2026-08-03T19:25:21.424255Z,,,475,CONSENT_REVOKED,CONSENT_REVOKED,CONSENT_REVOKED,CONSENT_REVOKED,CONSENT_REVOKED,CONSENT_REVOKED,CONSENT_REVOKED,CONSENT_REVOKED,CONSENT_REVOKED
6a70df9df04fd7cb538648e0,6838df8389ee2a2823f6964a,RETURNED,Not Applicable,2026-08-03T18:36:37.328000Z,,,2026-08-03T19:25:21.426512Z,,,2172,CONSENT_REVOKED,CONSENT_REVOKED,CONSENT_REVOKED,CONSENT_REVOKED,CONSENT_REVOKED,CONSENT_REVOKED,CONSENT_REVOKED,CONSENT_REVOKED,CONSENT_REVOKED
6a70e0f5d03dc4b5cc49fed3,67883d53705991d641bb1743,APPROVED,Not Applicable,2026-08-03T18:42:01.786000Z,2026-08-03T19:11:44.985000Z,2026-08-04T01:35:13.550000Z,2026-08-03T19:11:45.480923Z,1784.0,C3DGP1B9,2149,33,Male,White,United States,United States,United States,English,DATA_EXPIRED,DATA_EXPIRED
6a70e100ba5132daa66ad43b,6a20b61b45d6a8c06ef9855b,APPROVED,Not Applicable,2026-08-03T18:42:33.444000Z,2026-08-03T19:11:02.274000Z,2026-08-04T01:35:21.035000Z,2026-08-03T19:11:02.746571Z,1709.0,C3DGP1B9,236,62,Female,White,United States,United States,United States,English,No,"Not in paid work (e.g. homemaker', 'retired or disabled)"
6a70e1eb7ee97bd92273c5aa,695fc6c405ea1b40ad138c77,APPROVED,Not Applicable,2026-08-03T18:46:10.668000Z,2026-08-03T18:55:22.433000Z,2026-08-04T01:35:21.566000Z,2026-08-03T18:55:22.849751Z,552.0,C3DGP1B9,602,38,Female,Asian,United States,United States,United States,English,No,Part-Time
6a70e1fbe9cf0fc654da4fec,6a1b8672b09153a86357061d,APPROVED,Not Applicable,2026-08-03T18:46:23.601000Z,2026-08-03T18:59:16.213000Z,2026-08-04T01:35:22.130000Z,2026-08-03T18:59:16.665655Z,773.0,C3DGP1B9,575,31,Female,White,United States,United States,United States,English,No,"Not in paid work (e.g. homemaker', 'retired or disabled)"
6a70e20422a3a2e6a40668b0,6a2120e65d47e368ac6b64d3,APPROVED,Not Applicable,2026-08-03T18:46:33.556000Z,2026-08-03T19:19:53.249000Z,2026-08-03T20:42:33.571000Z,2026-08-03T19:19:53.704089Z,2000.0,C3DGP1B9,323,46,Female,White,United States,United States,United States,English,No,Full-Time
6a70e2e94b7d0f66ec905796,66ccdd9f6b12c6ea6fa01f42,APPROVED,Not Applicable,2026-08-03T18:50:22.093000Z,2026-08-03T19:06:00.150000Z,2026-08-04T01:35:14.126000Z,2026-08-03T19:06:00.618123Z,939.0,C3DGP1B9,9354,34,Male,White,United States,United States,Germany,English,DATA_EXPIRED,DATA_EXPIRED
6a70e388543eebea3bc5c5d8,6a039c17b67cd6ddabb9bd5c,APPROVED,Not Applicable,2026-08-03T18:54:36.790000Z,2026-08-03T19:17:57.891000Z,2026-08-04T01:35:14.730000Z,2026-08-03T19:17:58.374774Z,1402.0,C3DGP1B9,174,35,Male,Asian,United States,United States,United States,English,No,Unemployed (and job seeking)
6a70e3e18d24233a5e95675f,6a00eb1bf01dccf542628044,APPROVED,Not Applicable,2026-08-03T18:55:44.987000Z,2026-08-03T19:33:31.171000Z,2026-08-04T04:15:32.001000Z,2026-08-03T19:33:31.618682Z,2267.0,C3DGP1B9,723,33,Male,DATA_EXPIRED,United States,United States,United States,English,No,Full-Time
6a70e41b42aa9c74058198b6,6781853762f0a6dcbf4ac534,APPROVED,Not Applicable,2026-08-03T18:55:23.064000Z,2026-08-03T19:17:14.548000Z,2026-08-03T20:42:28.214000Z,2026-08-03T19:17:14.988532Z,1312.0,C3DGP1B9,1745,20,Male,White,United States,United States,United States,English,Yes,Unemployed (and job seeking)
6a70e513140249c2085328ac,6a1f12ccd85b337a7b2b0275,APPROVED,Not Applicable,2026-08-03T19:00:24.699000Z,2026-08-03T19:31:36.011000Z,2026-08-04T04:15:32.589000Z,2026-08-03T19:31:36.424077Z,1872.0,C3DGP1B9,316,42,Male,Mixed,United States,United States,United States,English,No,Part-Time
6a70e69e3c1c5b83154b26b0,69e192c0923be458cafc9289,AWAITING REVIEW,Not Applicable,2026-08-03T19:06:22.108000Z,2026-08-03T19:16:50.493000Z,,2026-08-03T19:16:50.964538Z,629.0,C3DGP1B9,1769,61,Female,White,United States,United States,United States,English,No,Part-Time
6a70e7cd2c03eaee92e579ce,6717f0ac88d9f27d9b79af31,APPROVED,Not Applicable,2026-08-03T19:11:13.960000Z,2026-08-03T19:28:35.220000Z,2026-08-04T01:35:22.630000Z,2026-08-03T19:28:35.677383Z,1042.0,C3DGP1B9,4821,51,Female,White,United States,United States,United States,English,No,DATA_EXPIRED
6a70e7f125bbf6b8540a529d,69b951d864dadcff2b635f57,AWAITING REVIEW,Not Applicable,2026-08-03T19:12:03.249000Z,2026-08-03T19:18:48.403000Z,,2026-08-03T19:18:48.850914Z,406.0,C3DGP1B9,492,55,Female,White,United States,United States,United States,English,No,Part-Time
6a70e930fe18868e409ebb31,6a02d6ae830868fc71cdbdb9,AWAITING REVIEW,Not Applicable,2026-08-03T19:17:10.294000Z,2026-08-03T19:41:48.389000Z,,2026-08-03T19:41:48.837181Z,1479.0,C3DGP1B9,1139,19,Male,Asian,United States,United States,United States,English,Yes,Other
6a70e93e333e4e15d810af06,6a05f3bd1ce205b69e98f2b0,APPROVED,Not Applicable,2026-08-03T19:17:36.578000Z,2026-08-03T19:33:51.970000Z,2026-08-04T04:15:33.101000Z,2026-08-03T19:33:52.422803Z,976.0,C3DGP1B9,1065,31,Male,White,Germany,United States,United States,English,No,Full-Time
6a70e9660760e73ff74b26d6,69eacecf95ba411a68f8e843,APPROVED,Not Applicable,2026-08-03T19:18:07.093000Z,2026-08-03T19:35:06.328000Z,2026-08-03T20:42:28.544000Z,2026-08-03T19:35:07.278288Z,1020.0,C3DGP1B9,679,49,Male,White,United States,United States,United States,English,No,Full-Time
6a70e998f67ee38b441b1b33,69a07a4a6c50cf71c5bf31f1,APPROVED,Not Applicable,2026-08-03T19:18:53.519000Z,2026-08-03T19:44:36.507000Z,2026-08-04T13:52:23.838000Z,2026-08-03T19:44:37.131061Z,1543.0,C3DGP1B9,1972,56,Male,Asian,United States,United States,United States,English,No,Full-Time
6a70e9dc5ee40f51f5c9e947,69c63a2f86741c4f0f2cc573,AWAITING REVIEW,Not Applicable,2026-08-03T19:26:52.750000Z,2026-08-03T19:39:15.747000Z,,2026-08-03T19:39:16.204227Z,743.0,C3DGP1B9,1011,35,Male,White,United States,United States,United States,English,No,Full-Time
6a70ebed1e60efc4f1ef3321,6a15d5fb80117206e7200cf7,TIMED-OUT,Not Applicable,2026-08-03T19:28:52.094000Z,,,2026-08-03T20:02:25.387145Z,2014.0,,353,26,Female,White,United States,United States,United States,English,No,"Not in paid work (e.g. homemaker', 'retired or disabled)"
6a70eca5ce55f1423d532709,69e05ecc7c1f70dac92ea11c,APPROVED,Not Applicable,2026-08-03T19:31:54.323000Z,2026-08-03T19:46:30.298000Z,2026-08-03T20:42:36.210000Z,2026-08-03T19:46:30.765353Z,876.0,C3DGP1B9,276,30,Female,White,United States,United States,United States,English,No,Unemployed (and job seeking)
6a70ecde7b77d378b6cf995c,66f59c766e7e22e1f90d08f6,APPROVED,Not Applicable,2026-08-03T19:35:25.684000Z,2026-08-03T20:15:23.190000Z,2026-08-03T20:42:28.894000Z,2026-08-03T20:15:23.649082Z,2398.0,C3DGP1B9,2367,36,Male,White,United States,United States,United States,English,Yes,Full-Time
6a70ed205a7746be10e579ac,69faa1cc037c7d7caa74ed4b,APPROVED,Not Applicable,2026-08-03T19:34:10.037000Z,2026-08-03T20:12:00.579000Z,2026-08-03T20:53:53.950000Z,2026-08-03T20:12:01.048680Z,2271.0,C3DGP1B9,547,28,Male,Black,United States,United States,United States,English,No,Full-Time
6a70ed6a3ee3c7e52b3eb4b9,69f0393c77d7589ac6442cf5,AWAITING REVIEW,Not Applicable,2026-08-03T19:35:06.832000Z,2026-08-03T19:47:24.136000Z,,2026-08-03T19:47:24.542007Z,738.0,C3DGP1B9,251,33,Male,Black,United States,United States,United States,English,No,Full-Time
6a70ee659597538b3354bae2,6a0f87842f562624b92669fe,APPROVED,Not Applicable,2026-08-03T19:39:17.202000Z,2026-08-03T20:16:38.289000Z,2026-08-04T04:15:33.674000Z,2026-08-03T20:16:38.715138Z,2242.0,C3DGP1B9,290,42,Male,Black,United States,United States,United States,English,No,Due to start a new job within the next month
6a70ef0fd4bfe4eac9e5fd1d,69ab73e18d186d5aefe45bd3,AWAITING REVIEW,Not Applicable,2026-08-03T19:42:12.286000Z,2026-08-03T19:49:50.250000Z,,2026-08-03T19:49:50.717145Z,458.0,C3DGP1B9,1006,29,Female,White,United States,United States,United States,English,Yes,"Not in paid work (e.g. homemaker', 'retired or disabled)"
6a70efab2690ffe15ab33899,69c0611a2bd522b92ca29d85,TIMED-OUT,Not Applicable,2026-08-03T19:48:19.081000Z,,,2026-08-03T20:02:25.394063Z,847.0,,827,22,Male,Black,Kenya,United States,Kenya,DATA_EXPIRED,No,Full-Time
6a70f01abe693004e973acbc,69fa0cb96b7b1fec06b5e74f,APPROVED,Not Applicable,2026-08-03T19:50:03.937000Z,2026-08-03T20:18:13.873000Z,2026-08-04T04:15:34.207000Z,2026-08-03T20:18:14.363230Z,1690.0,C3DGP1B9,591,38,Male,Black,United States,United States,United States,English,No,Part-Time
6a70f04eba2f71cccce269c0,69feb7cce2a2b950b39af48c,AWAITING REVIEW,Not Applicable,2026-08-03T19:47:38.450000Z,2026-08-03T19:55:15.617000Z,,2026-08-03T19:55:16.029394Z,458.0,C3DGP1B9,186,37,Male,White,United States,United States,DATA_EXPIRED,English,No,Full-Time
6a70f0ebeb6290668a817528,6a16d6b35437eb5386049fcd,APPROVED,Not Applicable,2026-08-03T19:50:03.092000Z,2026-08-03T20:23:18.614000Z,2026-08-04T04:15:34.763000Z,2026-08-03T20:23:19.035718Z,1996.0,C3DGP1B9,1048,28,Male,Prefer not to say,Kenya,United States,United States,English,No,Part-Time
6a70f228cb9507200ac4d4a3,60fdf104935a0ef0e93762b0,RETURNED,Not Applicable,2026-08-03T19:55:27.822000Z,,,2026-08-03T20:02:25.395687Z,,,5098,CONSENT_REVOKED,CONSENT_REVOKED,CONSENT_REVOKED,CONSENT_REVOKED,CONSENT_REVOKED,CONSENT_REVOKED,CONSENT_REVOKED,CONSENT_REVOKED,CONSENT_REVOKED
6a70f2523cbbd9199ccfde44,69c554c4669fbdcc2241932a,APPROVED,Not Applicable,2026-08-03T19:56:02.924000Z,2026-08-03T20:21:08.307000Z,2026-08-03T20:42:36.546000Z,2026-08-03T20:21:08.822526Z,1506.0,C3DGP1B9,1329,49,Female,White,United States,United States,United States,English,No,"Not in paid work (e.g. homemaker', 'retired or disabled)"
6a70f4a90dcdd89cb573ace8,5b72d3f8afce7600019fe275,APPROVED,Not Applicable,2026-08-03T20:06:06.843000Z,2026-08-03T20:27:06.582000Z,2026-08-03T20:42:29.209000Z,2026-08-03T20:27:07.035449Z,1260.0,C3DGP1B9,8255,35,Male,Black,United States,United States,United States,English,No,Full-Time
6a70f5e26dd3c69cfa31723f,6a0dcd2e8767538de3690cc5,APPROVED,Not Applicable,2026-08-03T20:11:27.545000Z,2026-08-03T20:33:56.421000Z,2026-08-04T13:52:24.482000Z,2026-08-03T20:33:56.875920Z,1349.0,C3DGP1B9,1118,73,Male,White,United States,United States,United States,English,No,Other
6a70f638de7d0ade0e540ed9,69fe143fe0fc2630be12c1a4,AWAITING REVIEW,Not Applicable,2026-08-03T20:12:50.561000Z,2026-08-03T20:23:46.572000Z,,2026-08-03T20:23:47.698296Z,657.0,C3DGP1B9,811,20,Female,Mixed,United States,United States,United States,English,Yes,Unemployed (and job seeking)
6a70f72d7d30a29583954013,69e0422f029a8b849d3e85ca,APPROVED,Not Applicable,2026-08-03T20:23:15.934000Z,2026-08-03T20:42:33.875000Z,2026-08-04T01:35:15.329000Z,2026-08-03T20:42:35.145532Z,1158.0,C3DGP1B9,1538,58,Male,White,United States,United States,United States,English,No,Full-Time
6a70f7870cd0ddf7ebb972f3,642b7ba24ad2156d8312efeb,APPROVED,Not Applicable,2026-08-03T20:22:28.230000Z,2026-08-03T20:44:41.368000Z,2026-08-03T20:53:54.286000Z,2026-08-03T20:44:41.780864Z,1334.0,C3DGP1B9,694,58,Male,White,Panama,United States,Panama,Spanish,No,Full-Time
6a70f835579f1ace47b06e75,674f29b63d2d442c568ea8cf,APPROVED,Not Applicable,2026-08-03T20:21:21.823000Z,2026-08-03T20:58:03.625000Z,2026-08-04T01:35:15.946000Z,2026-08-03T21:02:15.828190Z,2202.0,NOCODE,2146,38,Male,DATA_EXPIRED,"Venezuela, Bolivarian Republic of",United States,United States,English,DATA_EXPIRED,DATA_EXPIRED
6a70f8c10549a13cd20a5269,69c4f9caa6ebf94575d2df3a,APPROVED,Not Applicable,2026-08-03T20:23:42.074000Z,2026-08-03T20:39:47.083000Z,2026-08-04T16:19:22.393000Z,2026-08-03T20:39:47.527102Z,966.0,C3DGP1B9,1550,29,Female,White,United States,United States,United States,English,No,Full-Time
6a70f8d2094fe328f6a8da8d,675c89cc4e1a6bad637f454f,RETURNED,Not Applicable,2026-08-03T20:32:35.049000Z,,,2026-08-03T20:51:52.568047Z,,,2862,CONSENT_REVOKED,CONSENT_REVOKED,CONSENT_REVOKED,CONSENT_REVOKED,CONSENT_REVOKED,CONSENT_REVOKED,CONSENT_REVOKED,CONSENT_REVOKED,CONSENT_REVOKED
6a70f9350766e1b3ddd570a7,69c55254e1512667c4dfbbbf,APPROVED,Not Applicable,2026-08-03T20:25:31.915000Z,2026-08-03T20:45:44.400000Z,2026-08-04T01:35:23.152000Z,2026-08-03T20:45:44.861599Z,1213.0,C3DGP1B9,1132,61,Female,White,United States,United States,United States,English,No,"Not in paid work (e.g. homemaker', 'retired or disabled)"
6a70f99de966838d6fd2ca89,671ef494053227dc7e52caed,APPROVED,Not Applicable,2026-08-03T20:27:15.132000Z,2026-08-03T20:58:55.089000Z,2026-08-04T01:35:23.710000Z,2026-08-03T20:58:55.519898Z,1900.0,C3DGP1B9,304,54,Female,White,United States,United States,United States,English,Yes,"Not in paid work (e.g. homemaker', 'retired or disabled)"
6a70fb3534084ae7a70b58dd,67d9aa39d7768ed1366f3591,AWAITING REVIEW,Not Applicable,2026-08-03T20:33:57.819000Z,2026-08-03T21:20:39.157000Z,,2026-08-03T21:20:39.610128Z,2802.0,C3DGP1B9,1763,57,Female,White,Russian Federation,United States,Russian Federation,Russian,No,DATA_EXPIRED
6a70fc1b1dd5d0717c70de52,69fe412d19ef7ac920d2fb4a,APPROVED,Not Applicable,2026-08-03T20:38:10.916000Z,2026-08-03T20:49:15.290000Z,2026-08-04T01:35:24.252000Z,2026-08-03T20:49:16.354927Z,665.0,C3DGP1B9,977,28,Female,Asian,United States,United States,United States,Urdu,No,Unemployed (and job seeking)
6a70fc93a73bc1a9d1b338a8,6a076110b52f31c00fa325ca,APPROVED,Not Applicable,2026-08-03T20:39:55.455000Z,2026-08-03T21:14:47.731000Z,2026-08-04T01:35:24.817000Z,2026-08-03T21:14:48.186213Z,2093.0,C3DGP1B9,105,36,Female,White,Mexico,United States,Mexico,Spanish,No,"Not in paid work (e.g. homemaker', 'retired or disabled)"
6a70fd4559009cee75055bf4,67178165518a2c3e62ef65c7,AWAITING REVIEW,Not Applicable,2026-08-03T20:42:51.155000Z,2026-08-03T20:57:44.946000Z,,2026-08-03T20:57:45.367673Z,894.0,C3DGP1B9,340,44,Female,White,Colombia,United States,Germany,English,No,Full-Time
6a70fdc5380e3d6718ad8135,69b818597eba539f25e13f38,AWAITING REVIEW,Not Applicable,2026-08-03T20:45:13.178000Z,2026-08-03T21:02:20.297000Z,,2026-08-03T21:02:20.814838Z,1028.0,C3DGP1B9,941,45,Male,White,United States,United States,United States,English,No,Full-Time
6a70fe011853fc6a4301fc06,6a202da9f4af0eebc916ef13,APPROVED,Not Applicable,2026-08-03T20:46:29.497000Z,2026-08-03T21:17:34.411000Z,2026-08-04T01:35:16.455000Z,2026-08-03T21:17:34.828380Z,1865.0,C3DGP1B9,389,45,Male,Black,United States,United States,United States,English,No,Full-Time
6a70fece85bdf824a4a313bc,6994834724365bd13ab86d51,AWAITING REVIEW,Not Applicable,2026-08-03T20:49:25.790000Z,2026-08-03T21:00:42.178000Z,,2026-08-03T21:01:12.739579Z,677.0,C3DGP1B9,1541,39,Male,White,United States,United States,United States,English,No,"Not in paid work (e.g. homemaker', 'retired or disabled)"
6a7100dba4916320ca293779,675a2864cf3d9d870639c42b,RETURNED,Not Applicable,2026-08-03T20:58:08.338000Z,,,2026-08-04T01:21:39.841281Z,,,9340,CONSENT_REVOKED,CONSENT_REVOKED,CONSENT_REVOKED,CONSENT_REVOKED,CONSENT_REVOKED,CONSENT_REVOKED,CONSENT_REVOKED,CONSENT_REVOKED,CONSENT_REVOKED
6a7100dcc2af9e95300fb161,695fc4e377dae78868cec1d5,RETURNED,Not Applicable,2026-08-03T20:58:15.721000Z,,,2026-08-04T01:21:39.842051Z,,,2350,CONSENT_REVOKED,CONSENT_REVOKED,CONSENT_REVOKED,CONSENT_REVOKED,CONSENT_REVOKED,CONSENT_REVOKED,CONSENT_REVOKED,CONSENT_REVOKED,CONSENT_REVOKED
6a7100f6c0895af27468f137,6634e0e2300e0d377e2cf876,AWAITING REVIEW,Not Applicable,2026-08-03T20:58:34.668000Z,2026-08-03T21:18:07.812000Z,,2026-08-03T21:18:09.015922Z,1174.0,C3DGP1B9,3209,35,Female,White,United States,United States,United States,English,No,Unemployed (and job seeking)
6a71010f56c2c81afe0863e2,63bd0327f50b98c5d4f9c628,RETURNED,Not Applicable,2026-08-03T20:59:12.452000Z,,,2026-08-04T01:21:39.841840Z,,,3993,CONSENT_REVOKED,CONSENT_REVOKED,CONSENT_REVOKED,CONSENT_REVOKED,CONSENT_REVOKED,CONSENT_REVOKED,CONSENT_REVOKED,CONSENT_REVOKED,CONSENT_REVOKED
6a710156b187940601a313a5,66351c39f862c014cfa831c4,TIMED-OUT,Not Applicable,2026-08-03T21:00:10.060000Z,,,2026-08-04T01:21:39.844800Z,15690.0,,4512,48,Female,Black,United States,United States,United States,English,No,Full-Time
6a71017a5c98869d028198c6,673cc0c935b49103f2be1e27,APPROVED,Not Applicable,2026-08-03T21:00:48.439000Z,2026-08-03T21:17:53.493000Z,2026-08-04T16:19:21.842000Z,2026-08-03T21:17:53.956424Z,1026.0,C3DGP1B9,5898,32,Male,White,United States,United States,United States,English,DATA_EXPIRED,DATA_EXPIRED
6a7101dc0cd6e70ae29c1831,69e0212824dc0df748db59e6,AWAITING REVIEW,Not Applicable,2026-08-03T21:02:26.626000Z,2026-08-03T21:26:07.725000Z,,2026-08-03T21:26:08.157023Z,1422.0,C3DGP1B9,704,19,Female,Black,Congo the Democratic Republic of the,United States,United States,English,Yes,Full-Time
6a7102aa30884335be97e7ea,6a01d3ed00be661b3bc69d82,RETURNED,Not Applicable,2026-08-03T21:05:49.715000Z,2026-08-03T21:36:22.516000Z,,2026-08-03T21:36:22.981861Z,,C3DGP1B9,1053,CONSENT_REVOKED,CONSENT_REVOKED,CONSENT_REVOKED,CONSENT_REVOKED,CONSENT_REVOKED,CONSENT_REVOKED,CONSENT_REVOKED,CONSENT_REVOKED,CONSENT_REVOKED
6a7104cfa6efb6581d3b8a56,63f7df76fda679592c5132bf,APPROVED,Not Applicable,2026-08-03T21:15:00.173000Z,2026-08-03T21:34:15.418000Z,2026-08-04T01:35:25.355000Z,2026-08-03T21:34:15.852840Z,1156.0,C3DGP1B9,6542,42,Female,White,United States,United States,United States,English,DATA_EXPIRED,DATA_EXPIRED
6a7104d2d946af2787013351,696e5a56d7a7cb7e8de48ef8,RETURNED,Not Applicable,2026-08-03T21:15:05.120000Z,2026-08-03T21:22:47.492000Z,,2026-08-04T01:21:39.845574Z,,C3DGP1B9,1889,CONSENT_REVOKED,CONSENT_REVOKED,CONSENT_REVOKED,CONSENT_REVOKED,CONSENT_REVOKED,CONSENT_REVOKED,CONSENT_REVOKED,CONSENT_REVOKED,CONSENT_REVOKED
6a7105700c0600aa7a1a881b,67e97bda2df1eefc679a1cc2,RETURNED,Not Applicable,2026-08-03T21:17:36.695000Z,,,2026-08-04T01:21:39.846385Z,,,3384,CONSENT_REVOKED,CONSENT_REVOKED,CONSENT_REVOKED,CONSENT_REVOKED,CONSENT_REVOKED,CONSENT_REVOKED,CONSENT_REVOKED,CONSENT_REVOKED,CONSENT_REVOKED
6a71058c92b3be1980af4b94,614f297777d0d8f5e2a5b354,AWAITING REVIEW,Not Applicable,2026-08-03T21:18:09.504000Z,2026-08-03T21:38:38.899000Z,,2026-08-03T21:38:39.336356Z,1230.0,C3DGP1B9,4622,69,Male,White,United States,United States,United States,English,No,Part-Time
6a710592a5fbf7a38a3bd327,5de81d685a8f94795b893d45,AWAITING REVIEW,Not Applicable,2026-08-03T21:18:10.021000Z,2026-08-03T21:35:06.144000Z,,2026-08-03T21:35:06.592106Z,1017.0,C3DGP1B9,9467,42,Male,Asian,United States,United States,United States,English,No,Full-Time
6a7106b04f7738597e760167,69f7f5a3b5b1e74ef52cc069,RETURNED,Not Applicable,2026-08-03T21:23:00.099000Z,,,2026-08-04T01:21:39.848595Z,,,994,CONSENT_REVOKED,CONSENT_REVOKED,CONSENT_REVOKED,CONSENT_REVOKED,CONSENT_REVOKED,CONSENT_REVOKED,CONSENT_REVOKED,CONSENT_REVOKED,CONSENT_REVOKED
6a7106fbd81e8171520fb16b,695ff63580d6ce826e06277f,AWAITING REVIEW,Not Applicable,2026-08-03T21:24:18.037000Z,2026-08-03T21:41:21.690000Z,,2026-08-03T21:41:22.148521Z,1024.0,C3DGP1B9,2054,40,Male,White,United States,United States,United States,English,No,Full-Time
6a7107741fb3b0fcd3cb90af,697a2bd86618a9f79407ba1a,RETURNED,Not Applicable,2026-08-03T21:26:16.177000Z,,,2026-08-04T01:21:39.849524Z,,,352,CONSENT_REVOKED,CONSENT_REVOKED,CONSENT_REVOKED,CONSENT_REVOKED,CONSENT_REVOKED,CONSENT_REVOKED,CONSENT_REVOKED,CONSENT_REVOKED,CONSENT_REVOKED
6a71096a5782e6b74ae6e19c,66a450cbae4aeed1d6531952,APPROVED,Not Applicable,2026-08-03T21:34:42.458000Z,2026-08-03T21:54:38.656000Z,2026-08-04T01:35:25.930000Z,2026-08-03T21:54:39.115725Z,1197.0,C3DGP1B9,5340,55,Female,White,United States,United States,United States,English,No,Full-Time
6a71098a7f2671ace02b6be3,6a428d88ccd8917956db6a20,APPROVED,Not Applicable,2026-08-03T21:40:46.492000Z,2026-08-03T22:08:20.147000Z,2026-08-04T01:35:16.973000Z,2026-08-03T22:08:20.573923Z,1654.0,C3DGP1B9,553,33,Male,Black,United States,United States,DATA_EXPIRED,English,No,Full-Time
6a7109d72be92285f01f556b,69fe0f3c1b949d3788af1b78,AWAITING REVIEW,Not Applicable,2026-08-03T21:36:29.662000Z,2026-08-03T21:42:34.035000Z,,2026-08-03T21:42:34.641087Z,365.0,C3DGP1B9,173,57,Female,Black,United States,United States,United States,English,No,"Not in paid work (e.g. homemaker', 'retired or disabled)"
6a7109f59b95dc6f4e39facd,6a17641ec8cfbda9ff46f2f6,AWAITING REVIEW,Not Applicable,2026-08-03T21:36:59.552000Z,2026-08-03T22:06:25.576000Z,,2026-08-03T22:06:25.989026Z,1767.0,C3DGP1B9,895,46,Male,White,United States,United States,United States,English,No,Part-Time
6a710a0ca037967eb94245c6,5cad1bc9b38ea60017cb12f4,AWAITING REVIEW,Not Applicable,2026-08-03T21:37:22.613000Z,2026-08-03T22:11:45.570000Z,,2026-08-03T22:11:46.036701Z,2063.0,C3DGP1B9,1601,45,Male,Black,United States,United States,United States,English,No,"Not in paid work (e.g. homemaker', 'retired or disabled)"
6a710a6054a58a83b0f6930b,5589b65afdf99b118adfa595,APPROVED,Not Applicable,2026-08-03T21:39:48.459000Z,2026-08-03T21:58:20.543000Z,2026-08-04T01:35:17.498000Z,2026-08-03T21:58:20.998269Z,1113.0,C3DGP1B9,3714,54,Male,DATA_EXPIRED,United States,United States,United States,English,DATA_EXPIRED,DATA_EXPIRED
6a710b098c2671f7f970de6d,69acf8eb3eee6cc60d19a248,APPROVED,Not Applicable,2026-08-03T21:41:45.071000Z,2026-08-03T22:07:26.433000Z,2026-08-04T01:35:26.464000Z,2026-08-03T22:07:26.895604Z,1542.0,C3DGP1B9,809,38,Female,White,United States,United States,United States,English,No,Part-Time
6a710b4cbbb4e6a62a7f2e20,69c18a00e2dda81d36779ad8,APPROVED,Not Applicable,2026-08-03T21:42:36.109000Z,2026-08-03T22:11:26.135000Z,2026-08-04T01:35:27.022000Z,2026-08-03T22:11:26.594881Z,1731.0,C3DGP1B9,1789,53,Female,Black,United States,United States,United States,DATA_EXPIRED,DATA_EXPIRED,Full-Time
6a710bd7539d6977638f6ece,69d304c4e0ce7cc32bbcaca7,RETURNED,Not Applicable,2026-08-03T21:45:01.111000Z,,,2026-08-04T01:21:39.851139Z,,,1104,CONSENT_REVOKED,CONSENT_REVOKED,CONSENT_REVOKED,CONSENT_REVOKED,CONSENT_REVOKED,CONSENT_REVOKED,CONSENT_REVOKED,CONSENT_REVOKED,CONSENT_REVOKED
6a710c51298ffecb2ccdc662,5ec06f59c4ceb1481f225bbd,AWAITING REVIEW,Not Applicable,2026-08-03T21:47:02.397000Z,2026-08-03T22:03:06.110000Z,,2026-08-03T22:03:06.578202Z,964.0,C3DGP1B9,3458,24,Female,White,United States,United States,United States,English,No,Part-Time
6a710e2b6dd29d8db9371d98,6a07687bad5809e8867bdffb,APPROVED,Not Applicable,2026-08-03T21:54:54.472000Z,2026-08-03T22:15:24.752000Z,2026-08-04T01:35:27.619000Z,2026-08-03T22:15:25.178333Z,1231.0,C3DGP1B9,539,37,Female,White,United States,United States,United States,English,No,"Not in paid work (e.g. homemaker', 'retired or disabled)"
6a710f09967b5d494499e8b9,6a14e67cf20909f60e34ae64,APPROVED,Not Applicable,2026-08-03T22:00:30.966000Z,2026-08-03T22:26:24.647000Z,2026-08-04T01:35:28.131000Z,2026-08-03T22:26:25.065376Z,1554.0,C3DGP1B9,940,42,Female,White,United States,United States,United States,English,No,Full-Time
6a711027d08a77751696774b,6a21a538780f1e4100eeef8b,RETURNED,Not Applicable,2026-08-03T22:03:32.587000Z,,,2026-08-04T01:21:39.850255Z,,,596,CONSENT_REVOKED,CONSENT_REVOKED,CONSENT_REVOKED,CONSENT_REVOKED,CONSENT_REVOKED,CONSENT_REVOKED,CONSENT_REVOKED,CONSENT_REVOKED,CONSENT_REVOKED
6a7110e5e3475de0a82032e8,69fb9f5a34a4d13719b72cd9,AWAITING REVIEW,Not Applicable,2026-08-03T22:06:51.106000Z,2026-08-03T22:34:36.096000Z,,2026-08-03T22:34:36.509274Z,1665.0,C3DGP1B9,1162,50,Female,White,United States,United States,United States,English,No,Unemployed (and job seeking)
6a71112b4f491e19165fccbb,6a0f36e3c3f9220261d12315,AWAITING REVIEW,Not Applicable,2026-08-03T22:07:42.864000Z,2026-08-03T22:19:15.673000Z,,2026-08-03T22:19:16.179517Z,693.0,C3DGP1B9,144,44,Female,White,United States,United States,United States,English,No,Part-Time
6a7111542c30e928b5da4fa8,69d705a74581ae74ce922845,AWAITING REVIEW,Not Applicable,2026-08-03T22:09:04.344000Z,2026-08-03T22:20:46.527000Z,,2026-08-03T22:20:46.932731Z,703.0,C3DGP1B9,1340,53,Female,White,United States,United States,United States,English,No,Full-Time
6a711223402215d207b55807,69fd3e574bc5f080f24d2514,AWAITING REVIEW,Not Applicable,2026-08-03T22:11:58.789000Z,2026-08-03T22:31:12.545000Z,,2026-08-03T22:31:12.996677Z,1154.0,C3DGP1B9,1091,27,Female,Black,United States,United States,United States,English,Yes,Unemployed (and job seeking)
6a711223ffed45d0e16ad43e,6a0a28cd6f2eb90a33a396f5,RETURNED,Not Applicable,2026-08-03T22:18:16.032000Z,,,2026-08-04T01:21:39.851740Z,,,861,CONSENT_REVOKED,CONSENT_REVOKED,CONSENT_REVOKED,CONSENT_REVOKED,CONSENT_REVOKED,CONSENT_REVOKED,CONSENT_REVOKED,CONSENT_REVOKED,CONSENT_REVOKED
6a711308228d9508faf5151f,6a02b963430c3aae17acafa0,AWAITING REVIEW,Not Applicable,2026-08-03T22:15:40.215000Z,2026-08-03T22:45:44.120000Z,,2026-08-03T22:45:44.529912Z,1804.0,C3DGP1B9,163,20,Male,Mixed,United States,United States,United States,English,No,Unemployed (and job seeking)
6a7113ed1345652114c9687b,6a021dc98c730b8d3ce0deca,AWAITING REVIEW,Not Applicable,2026-08-03T22:19:31.755000Z,2026-08-03T22:27:05.968000Z,,2026-08-03T22:27:06.413232Z,455.0,C3DGP1B9,1125,66,Female,White,United States,United States,United States,English,No,Part-Time
6a711448d2214c0e13ef3369,632e0fd7424f2848637d173f,APPROVED,Not Applicable,2026-08-03T22:22:00.633000Z,2026-08-03T22:49:03.375000Z,2026-08-04T01:35:28.661000Z,2026-08-03T22:49:03.804289Z,1623.0,C3DGP1B9,2053,38,Female,White,United States,United States,United States,English,DATA_EXPIRED,DATA_EXPIRED
6a711591ad7f280c79c046bf,69c911c2d54bf3bf1986387d,AWAITING REVIEW,Not Applicable,2026-08-03T22:26:34.817000Z,2026-08-03T23:02:10.392000Z,,2026-08-03T23:02:10.839509Z,2136.0,C3DGP1B9,638,31,Male,Black,United States,United States,United States,English,No,Full-Time
6a7115bd34c684b61b3eb46a,6a06878b6606a5ad0dbaa1a9,AWAITING REVIEW,Not Applicable,2026-08-03T22:28:52.889000Z,2026-08-03T22:39:22.299000Z,,2026-08-03T22:39:22.783585Z,630.0,C3DGP1B9,299,67,Female,White,United States,United States,United States,English,No,Full-Time
6a71162d213ccea8ca62d5e0,69aef3184b302c9452b5e50f,AWAITING REVIEW,Not Applicable,2026-08-03T22:29:24.911000Z,2026-08-03T22:53:25.494000Z,,2026-08-03T22:53:26.073215Z,1441.0,C3DGP1B9,470,23,Female,Black,United States,United States,United States,English,Yes,Unemployed (and job seeking)
6a7116bef254a6dda20a52a9,6a14a79a22fd2c70f220f9bb,APPROVED,Not Applicable,2026-08-03T22:31:29.743000Z,2026-08-03T22:55:47.367000Z,2026-08-04T01:35:18.827000Z,2026-08-03T22:55:47.776650Z,1458.0,C3DGP1B9,708,22,Male,Other,United States,United States,United States,English,No,Unemployed (and job seeking)
6a71177dcb9de06ffdf5d4cc,65612a45629022b7c905ef6c,RETURNED,Not Applicable,2026-08-03T22:35:49.572000Z,,,2026-08-04T01:21:39.854387Z,,,3916,CONSENT_REVOKED,CONSENT_REVOKED,CONSENT_REVOKED,CONSENT_REVOKED,CONSENT_REVOKED,CONSENT_REVOKED,CONSENT_REVOKED,CONSENT_REVOKED,CONSENT_REVOKED
6a71189f42de3aeaedb06e68,6643d22289210a4edf21e84d,APPROVED,Not Applicable,2026-08-03T22:39:35.108000Z,2026-08-03T22:53:16.794000Z,2026-08-04T01:35:29.186000Z,2026-08-03T22:53:17.238946Z,822.0,C3DGP1B9,2913,28,Female,White,United States,United States,United States,English,No,Part-Time
6a71194844909fbdb0099cf4,69af325ab00a2c61b1485ac4,APPROVED,Not Applicable,2026-08-03T22:42:29.265000Z,2026-08-03T23:06:02.969000Z,2026-08-04T01:35:29.702000Z,2026-08-03T23:06:03.432028Z,1414.0,C3DGP1B9,2776,34,Female,White,United States,United States,United States,English,Yes,Unemployed (and job seeking)
6a711a205326b0ef94dba57f,676213c42b2ea1a4506bdf1c,APPROVED,Not Applicable,2026-08-03T22:49:07.572000Z,2026-08-03T23:28:53.735000Z,2026-08-04T01:35:19.394000Z,2026-08-03T23:28:54.155520Z,2387.0,C3DGP1B9,4085,49,Male,White,United States,United States,United States,English,No,Full-Time
6a711aef0f3d98cbb270de8e,6a17326cb6cfc54663afb83b,APPROVED,Not Applicable,2026-08-03T22:49:23.069000Z,2026-08-03T23:25:10.631000Z,2026-08-04T01:35:30.229000Z,2026-08-03T23:25:11.026348Z,2148.0,C3DGP1B9,869,43,Female,White,Romania,United States,United States,Romanian,No,"Not in paid work (e.g. homemaker', 'retired or disabled)"
6a711be7037875dd0b20334d,6a16937ad91e39801473849b,AWAITING REVIEW,Not Applicable,2026-08-03T22:54:29.098000Z,2026-08-03T23:22:43.919000Z,,2026-08-03T23:22:44.350558Z,1695.0,C3DGP1B9,631,46,Male,White,United States,United States,United States,English,No,Full-Time
6a711bf0e9a1b266d7607ef6,6998c386be5365fca39e5020,AWAITING REVIEW,Not Applicable,2026-08-03T22:53:58.844000Z,2026-08-03T23:09:28.409000Z,,2026-08-03T23:09:28.824659Z,930.0,C3DGP1B9,507,22,Female,White,United States,United States,United States,English,Yes,Full-Time
6a711c73c359e40d0c086440,69dbd2a28a44b07afeea865d,APPROVED,Not Applicable,2026-08-03T22:55:55.399000Z,2026-08-03T23:19:06.539000Z,2026-08-04T01:35:19.943000Z,2026-08-03T23:19:06.993676Z,1392.0,C3DGP1B9,815,44,Male,White,United States,United States,United States,English,No,Full-Time
6a711e02c41de2491b5f2db9,69ffe5da917d458e31b7f33c,APPROVED,Not Applicable,2026-08-03T23:02:30.314000Z,2026-08-03T23:21:44.296000Z,2026-08-04T01:35:30.713000Z,2026-08-03T23:21:44.707745Z,1154.0,C3DGP1B9,1191,25,Female,Black,United States,United States,United States,English,No,Due to start a new job within the next month
6a711ef588bd18b914b37ea7,69bc5489f5ecef4bd3af96b7,APPROVED,Not Applicable,2026-08-03T23:06:32.937000Z,2026-08-03T23:19:05.238000Z,2026-08-04T01:35:20.510000Z,2026-08-03T23:19:05.667527Z,753.0,C3DGP1B9,1133,21,Male,White,United States,United States,United States,English,Yes,Unemployed (and job seeking)
6a711fbd961d195c78da500c,6287f4819c5fc8c4d48cc885,AWAITING REVIEW,Not Applicable,2026-08-03T23:09:53.855000Z,2026-08-03T23:30:56.698000Z,,2026-08-03T23:30:57.147554Z,1263.0,C3DGP1B9,7137,29,Male,White,United States,United States,United States,English,Yes,Full-Time
6a71205c521e7f10f35e3fc9,668ebf594982c57c983cd910,APPROVED,Not Applicable,2026-08-03T23:12:32.156000Z,2026-08-03T23:32:55.075000Z,2026-08-04T13:52:25.097000Z,2026-08-03T23:32:55.510857Z,1223.0,C3DGP1B9,7056,70,Female,White,United States,United States,United States,English,No,Full-Time
6a7122037672dd8ba4a31402,67d9ef30fe8af2858e8dbbd3,RETURNED,Not Applicable,2026-08-03T23:19:37.301000Z,,,2026-08-04T01:21:39.854657Z,,,6129,CONSENT_REVOKED,CONSENT_REVOKED,CONSENT_REVOKED,CONSENT_REVOKED,CONSENT_REVOKED,CONSENT_REVOKED,CONSENT_REVOKED,CONSENT_REVOKED,CONSENT_REVOKED
6a7122085985a6386c540f2f,62f70dd38becd2f7f2ce53a8,AWAITING REVIEW,Not Applicable,2026-08-03T23:19:42.599000Z,2026-08-03T23:39:43.572000Z,,2026-08-03T23:39:43.991695Z,1201.0,C3DGP1B9,4900,31,Male,White,United States,United States,United States,English,Yes,Full-Time
6a71229d4fa940ec5e6b5640,5c6709ab926a5b0001eb29c1,AWAITING REVIEW,Not Applicable,2026-08-03T23:22:31.577000Z,2026-08-03T23:46:12.175000Z,,2026-08-03T23:46:12.612250Z,1421.0,C3DGP1B9,9615,38,Female,White,United States,United States,United States,English,No,Full-Time
6a7122ce65949e526c1b1b4f,6298f0e21abd78cb684b723c,TIMED-OUT,Not Applicable,2026-08-03T23:22:58.925000Z,,,2026-08-04T01:21:39.854969Z,7121.0,,5227,48,Male,White,United States,United States,United States,English,No,Full-Time
6a7123576b91dd86fc42afbc,69fd13a110256a9116754b20,AWAITING REVIEW,Not Applicable,2026-08-03T23:26:05.488000Z,2026-08-03T23:51:02.210000Z,,2026-08-03T23:51:02.645000Z,1497.0,C3DGP1B9,529,56,Male,White,United States,United States,United States,English,No,Unemployed (and job seeking)
6a7123a23fb4c1181997e2d9,6a165cb58527fa4d39869086,AWAITING REVIEW,Not Applicable,2026-08-03T23:26:34.068000Z,2026-08-03T23:45:31.248000Z,,2026-08-03T23:45:31.720293Z,1138.0,C3DGP1B9,151,20,Female,Black,United States,United States,United States,English,Yes,Unemployed (and job seeking)
6a71242d5edefb4897099d69,697d94f2f91b0afbfb36e9ea,APPROVED,Not Applicable,2026-08-03T23:28:54.869000Z,2026-08-03T23:43:35.153000Z,2026-08-04T04:15:39.001000Z,2026-08-03T23:43:35.585571Z,881.0,C3DGP1B9,645,23,Female,White,United States,United States,United States,English,No,Part-Time
6a7124bb5222ea9fa407c4f6,6a15b0ef03606282402d2703,AWAITING REVIEW,Not Applicable,2026-08-03T23:31:13.281000Z,2026-08-03T23:39:26.401000Z,,2026-08-03T23:39:26.798692Z,494.0,C3DGP1B9,601,46,Male,White,United States,United States,United States,English,No,Full-Time
6a71253691b8ba93a94245d5,6a038b5497d2e3df3375f705,AWAITING REVIEW,Not Applicable,2026-08-03T23:33:37.107000Z,2026-08-03T23:41:58.127000Z,,2026-08-03T23:41:58.534846Z,502.0,C3DGP1B9,814,40,Male,Black,Nigeria,United States,United States,English,No,Part-Time
6a7126c330874539d0f5d4f8,6a0337d93c5fa89b75f0223f,AWAITING REVIEW,Not Applicable,2026-08-03T23:39:51.030000Z,2026-08-03T23:47:33.265000Z,,2026-08-03T23:47:33.699791Z,463.0,C3DGP1B9,124,31,Female,White,United States,United States,United States,English,No,Full-Time
6a7126c343df4be8d9ddf6f9,69cc5b991e26f316db82dd76,AWAITING REVIEW,Not Applicable,2026-08-03T23:39:51.332000Z,2026-08-03T23:56:39.894000Z,,2026-08-03T23:56:40.436521Z,1009.0,C3DGP1B9,1470,28,Female,White,United States,United States,United States,English,No,Unemployed (and job seeking)
6a71274927677e235efc20c4,6a060ba22f24e22cf986860b,APPROVED,Not Applicable,2026-08-03T23:42:06.033000Z,2026-08-04T00:08:45.901000Z,2026-08-04T04:15:39.535000Z,2026-08-04T00:08:46.316477Z,1600.0,C3DGP1B9,142,42,Female,Black,United States,United States,United States,English,No,Other
6a7127bce0b859158c4d0279,67c8fb2ae4ed762b14a281ff,AWAITING REVIEW,Not Applicable,2026-08-03T23:44:17.098000Z,2026-08-04T00:12:36.922000Z,,2026-08-04T00:12:37.361299Z,1700.0,C3DGP1B9,3395,78,Female,White,United States,United States,United States,English,No,DATA_EXPIRED
6a71281b9bae634e10a95681,67042cdf06ed4052bdf44c07,APPROVED,Not Applicable,2026-08-03T23:49:51.789000Z,2026-08-04T00:43:04.616000Z,2026-08-04T13:52:25.664000Z,2026-08-04T00:43:05.598510Z,3193.0,C3DGP1B9,2425,28,Female,Mixed,United States,United States,United States,English,No,"Not in paid work (e.g. homemaker', 'retired or disabled)"
6a7128549291b74820a23672,57529fbc947a3d0007b53d1d,AWAITING REVIEW,Not Applicable,2026-08-03T23:46:35.396000Z,2026-08-04T00:05:12.495000Z,,2026-08-04T00:05:12.921990Z,1118.0,C3DGP1B9,2971,37,Female,White,United States,United States,Ireland,English,No,Full-Time
6a71289a06bef8326ab91822,69a0beff534880c5fb00c3ab,APPROVED,Not Applicable,2026-08-03T23:47:43.381000Z,2026-08-04T00:04:09.496000Z,2026-08-04T04:15:35.304000Z,2026-08-04T00:04:09.904363Z,987.0,C3DGP1B9,2522,61,Male,White,United States,United States,United States,English,No,"Not in paid work (e.g. homemaker', 'retired or disabled)"
6a712973f58a03595d17955c,6a1afb8846eb6abd7232f9b7,APPROVED,Not Applicable,2026-08-03T23:51:29.122000Z,2026-08-04T00:11:34.749000Z,2026-08-04T04:15:35.846000Z,2026-08-04T00:11:35.218373Z,1206.0,C3DGP1B9,2761,57,Male,Mixed,United States,United States,United States,English,No,Full-Time
6a712ac6a2e8b0eb2b7e4bf5,66a8f31fd6ba25aaad24aec3,AWAITING REVIEW,Not Applicable,2026-08-03T23:57:08.915000Z,2026-08-04T00:21:59.247000Z,,2026-08-04T00:21:59.677445Z,1491.0,C3DGP1B9,771,44,Female,White,United States,United States,United States,English,No,Full-Time
6a712b897268b7f7006ca873,6554d04c73158a94d70192dd,AWAITING REVIEW,Not Applicable,2026-08-04T00:00:13.949000Z,2026-08-04T00:06:21.623000Z,,2026-08-04T00:06:22.084314Z,368.0,C3DGP1B9,8195,37,Female,Mixed,United States,United States,United States,English,DATA_EXPIRED,Full-Time
6a712c8803f3756acb21476e,679ac47910e79300bfb1610a,AWAITING REVIEW,Not Applicable,2026-08-04T00:04:38.747000Z,2026-08-04T00:26:52.390000Z,,2026-08-04T00:26:52.813334Z,1334.0,C3DGP1B9,1116,45,Male,White,United States,United States,United States,English,No,Unemployed (and job seeking)
6a712cc4f8c93a2f5593b1c1,663ea57212f5d047cf5cb177,APPROVED,Not Applicable,2026-08-04T00:06:19.314000Z,2026-08-04T00:21:53.711000Z,2026-08-04T04:15:40.008000Z,2026-08-04T00:21:54.145573Z,935.0,C3DGP1B9,1041,26,Female,Mixed,United States,United States,United States,English,Yes,Full-Time
6a712cfe0f8f6aacc177f154,65a6b92c9a480cc6d7033b24,APPROVED,Not Applicable,2026-08-04T00:06:45.224000Z,2026-08-04T00:32:26.469000Z,2026-08-04T04:15:40.489000Z,2026-08-04T00:32:26.881642Z,1542.0,C3DGP1B9,2222,33,Female,White,United States,United States,United States,English,No,Part-Time
6a712d9ae23fa89b3c268a43,667a2c0146a7c54a7f01b7be,AWAITING REVIEW,Not Applicable,2026-08-04T00:09:08.679000Z,2026-08-04T00:23:12.288000Z,,2026-08-04T00:23:12.710571Z,844.0,C3DGP1B9,815,32,Female,White,United States,United States,United States,English,No,Part-Time
6a712e403b93f0bf0f8993ab,5be6591a1781990001f7dfe1,RETURNED,Not Applicable,2026-08-04T00:11:51.199000Z,,,2026-08-04T01:21:39.857535Z,,,751,CONSENT_REVOKED,CONSENT_REVOKED,CONSENT_REVOKED,CONSENT_REVOKED,CONSENT_REVOKED,CONSENT_REVOKED,CONSENT_REVOKED,CONSENT_REVOKED,CONSENT_REVOKED
6a712e7cee687c2bbecb7114,6a07802be068724647a104cd,APPROVED,Not Applicable,2026-08-04T00:13:13.691000Z,2026-08-04T00:46:33.205000Z,2026-08-04T13:52:26.239000Z,2026-08-04T00:46:33.661715Z,2000.0,C3DGP1B9,299,37,Female,Black,United States,United States,United States,English,No,Full-Time
6a7130b5b4be342ae277f0e2,651ab8cd3ecbad9f2062ab57,APPROVED,Not Applicable,2026-08-04T00:25:20.036000Z,2026-08-04T00:47:46.044000Z,2026-08-04T04:15:36.357000Z,2026-08-04T00:47:46.456018Z,1347.0,C3DGP1B9,4030,36,Male,Asian,United States,United States,United States,English,No,Full-Time
6a7130b6b0a33a2f44055c21,697951ec10ee9fadbb7220b5,RETURNED,Not Applicable,2026-08-04T00:33:00.010000Z,,,2026-08-04T01:21:39.858000Z,,,1034,CONSENT_REVOKED,CONSENT_REVOKED,CONSENT_REVOKED,CONSENT_REVOKED,CONSENT_REVOKED,CONSENT_REVOKED,CONSENT_REVOKED,CONSENT_REVOKED,CONSENT_REVOKED
6a7130f2266f1ee51544820f,6a1b97446a2dc6cd10d930e0,APPROVED,Not Applicable,2026-08-04T00:23:51.786000Z,2026-08-04T00:41:33.798000Z,2026-08-04T13:52:26.890000Z,2026-08-04T00:41:34.209031Z,1063.0,C3DGP1B9,843,40,Female,White,United States,United States,United States,English,No,Full-Time
6a7131d3f323011bf464d895,6a07b6a89b436b52e9aa7358,AWAITING REVIEW,Not Applicable,2026-08-04T00:28:01.487000Z,2026-08-04T00:41:32.264000Z,,2026-08-04T00:41:32.914753Z,811.0,C3DGP1B9,156,33,Female,White,United States,United States,United States,English,No,Full-Time
6a7131e2d234ecf55b6ca824,6684abc04d60b2e05eb8ed2b,RETURNED,Not Applicable,2026-08-04T00:27:20.624000Z,,,2026-08-04T01:21:39.859942Z,,,4240,CONSENT_REVOKED,CONSENT_REVOKED,CONSENT_REVOKED,CONSENT_REVOKED,CONSENT_REVOKED,CONSENT_REVOKED,CONSENT_REVOKED,CONSENT_REVOKED,CONSENT_REVOKED
6a7132269dde4c4f510f4ea8,6a1dacbd99d193e99f4aa21e,APPROVED,Not Applicable,2026-08-04T00:28:26.658000Z,2026-08-04T00:59:15.322000Z,2026-08-04T04:15:40.988000Z,2026-08-04T00:59:15.865884Z,1849.0,C3DGP1B9,391,34,Female,Black,United States,United States,United States,English,Yes,Full-Time
6a71331caf2808e1e507c4b0,67cf28a2280e7e75fbbacbff,APPROVED,Not Applicable,2026-08-04T00:32:28.962000Z,2026-08-04T01:10:05.611000Z,2026-08-04T04:15:36.890000Z,2026-08-04T01:10:06.052531Z,2257.0,C3DGP1B9,5131,51,Male,White,United States,United States,United States,English,No,Full-Time
6a71334b917a917e5ba13a3a,679d3abaaf2911bc1fbd0e6b,AWAITING REVIEW,Not Applicable,2026-08-04T00:33:18.827000Z,2026-08-04T00:38:43.461000Z,2026-08-04T00:38:45.276000Z,2026-08-04T01:21:39.860043Z,325.0,C3DGP1B9,1860,CONSENT_REVOKED,CONSENT_REVOKED,CONSENT_REVOKED,CONSENT_REVOKED,CONSENT_REVOKED,CONSENT_REVOKED,CONSENT_REVOKED,CONSENT_REVOKED,CONSENT_REVOKED
6a7134a279aca48a993aba71,69fe2136c437c57da83a9912,AWAITING REVIEW,Not Applicable,2026-08-04T00:39:43.650000Z,2026-08-04T01:02:42.020000Z,,2026-08-04T01:02:42.429030Z,1379.0,C3DGP1B9,983,29,Male,Asian,Korea,United States,United States,English,No,Unemployed (and job seeking)
6a71353fd00c5e997a099ce8,6994e9bb25b67e4f8b483126,AWAITING REVIEW,Not Applicable,2026-08-04T00:42:05Z,2026-08-04T01:09:31.919000Z,,2026-08-04T01:09:32.382505Z,1647.0,C3DGP1B9,650,19,Female,Black,United States,United States,United States,English,Yes,Full-Time
6a7135410af9de8d756e92d2,6a1cb95bf369926ac77ea9e5,APPROVED,Not Applicable,2026-08-04T00:41:44.276000Z,2026-08-04T01:06:03.616000Z,2026-08-04T04:15:41.469000Z,2026-08-04T01:06:04.020345Z,1460.0,C3DGP1B9,340,60,Female,White,United States,United States,United States,English,No,"Not in paid work (e.g. homemaker', 'retired or disabled)"
6a71367781ee85538df35c41,5fc535c343622e000bc9f3c4,RETURNED,Not Applicable,2026-08-04T00:46:51.661000Z,,,2026-08-04T01:21:39.862471Z,,,5284,CONSENT_REVOKED,CONSENT_REVOKED,CONSENT_REVOKED,CONSENT_REVOKED,CONSENT_REVOKED,CONSENT_REVOKED,CONSENT_REVOKED,CONSENT_REVOKED,CONSENT_REVOKED
6a71368f15071db06d70dea8,66541006a1dd56700858320a,AWAITING REVIEW,Not Applicable,2026-08-04T00:47:17.126000Z,2026-08-04T01:06:02.475000Z,,2026-08-04T01:06:02.888333Z,1126.0,C3DGP1B9,6042,71,Female,White,United States,United States,United States,English,No,"Not in paid work (e.g. homemaker', 'retired or disabled)"
6a7136b3ee7c0e62767e6201,6a15ef3f8c304c656fa93be4,APPROVED,Not Applicable,2026-08-04T00:53:30.122000Z,2026-08-04T01:16:16.291000Z,2026-08-04T04:15:37.399000Z,2026-08-04T01:32:52.316218Z,1367.0,C3V2V9G0,1184,33,Male,White,United States,United States,United States,English,Yes,Full-Time
6a71372ec7b16b0dff12c8f3,66eefed0c3a39cc9aa5295df,AWAITING REVIEW,Not Applicable,2026-08-04T00:49:54.270000Z,2026-08-04T00:59:22.664000Z,,2026-08-04T00:59:23.105213Z,569.0,C3DGP1B9,2634,53,Female,White,United States,United States,United States,English,No,Full-Time
6a71396f981cb38f1fd2ca99,6a0d1f29937a492e8dcafcf4,AWAITING REVIEW,Not Applicable,2026-08-04T00:59:32.475000Z,2026-08-04T01:15:09.912000Z,,2026-08-04T01:15:10.344684Z,938.0,C3DGP1B9,3397,46,Female,White,United States,United States,United States,English,No,Full-Time
6a713972c773be8e55371dcf,5753046ba6deb50006d64b0f,RETURNED,Not Applicable,,,,2026-08-04T01:21:39.866266Z,,,8786,CONSENT_REVOKED,CONSENT_REVOKED,CONSENT_REVOKED,CONSENT_REVOKED,CONSENT_REVOKED,CONSENT_REVOKED,CONSENT_REVOKED,CONSENT_REVOKED,CONSENT_REVOKED
6a713985ad42f7308920bb60,69a189437b3526737b5ecd1b,AWAITING REVIEW,Not Applicable,2026-08-04T00:59:53.022000Z,2026-08-04T01:17:18.215000Z,,2026-08-04T01:17:18.647761Z,1046.0,C3DGP1B9,190,23,Male,White,United States,United States,"Venezuela, Bolivarian Republic of",English,No,Full-Time
6a713a34669218bf9a01756a,66f5d2424e2c1948e2b8f020,AWAITING REVIEW,Not Applicable,2026-08-04T01:05:04.846000Z,2026-08-04T01:12:21.182000Z,,2026-08-04T01:12:21.584251Z,437.0,C3DGP1B9,8726,80,Male,White,United States,United States,United States,English,No,"Not in paid work (e.g. homemaker', 'retired or disabled)"
6a713b061331d9a0167574d4,641f9b7b5528c725f5511fdc,APPROVED,Not Applicable,2026-08-04T01:06:24.618000Z,2026-08-04T01:26:05.897000Z,2026-08-04T04:15:41.957000Z,2026-08-04T01:26:06.403200Z,1182.0,C3DGP1B9,5809,35,Female,White,United States,United States,United States,English,DATA_EXPIRED,DATA_EXPIRED
6a713b0a52b39afd735352b4,67a7d4e19fee63cbe222ae02,AWAITING REVIEW,Not Applicable,2026-08-04T01:09:52.307000Z,2026-08-04T01:30:36.287000Z,,2026-08-04T01:30:36.705100Z,1244.0,C3DGP1B9,3586,23,Male,Mixed,United States,United States,United States,English,DATA_EXPIRED,DATA_EXPIRED
6a713bd9f8c93408464d44d0,663631e9a98cfc7ea17bbde6,RETURNED,Not Applicable,2026-08-04T01:10:12.666000Z,,,2026-08-04T01:21:39.868033Z,,,4116,CONSENT_REVOKED,CONSENT_REVOKED,CONSENT_REVOKED,CONSENT_REVOKED,CONSENT_REVOKED,CONSENT_REVOKED,CONSENT_REVOKED,CONSENT_REVOKED,CONSENT_REVOKED
6a713be4ae432b27bc6ad42e,6a19bb8aa2451d70e1f2511f,AWAITING REVIEW,Not Applicable,2026-08-04T01:10:01.526000Z,2026-08-04T01:45:02.386000Z,,2026-08-04T01:45:02.796017Z,2101.0,C3DGP1B9,1505,25,Female,Black,United States,United States,United States,English,Yes,Part-Time
6a713c87d993aafe716b561c,69936eccf50fa8ffd94e8b4e,APPROVED,Not Applicable,2026-08-04T01:12:43.110000Z,2026-08-04T01:31:56.160000Z,2026-08-04T04:15:42.459000Z,2026-08-04T01:31:56.567817Z,1154.0,C3DGP1B9,1153,45,Female,White,United States,United States,United States,English,No,Full-Time
6a713d31a76f67dc79c7f76e,69eea10df66207bc1334e73c,AWAITING REVIEW,Not Applicable,2026-08-04T01:15:32.496000Z,2026-08-04T01:16:29.465000Z,,2026-08-04T01:21:39.874194Z,57.0,C3DGP1B9,265,27,Male,White,United States,United States,United States,English,No,Unemployed (and job seeking)
6a713d63c2d28978f999e84c,6a02dbc53b7c421e8d2c8b9e,APPROVED,Not Applicable,2026-08-04T01:17:04.402000Z,2026-08-04T01:50:32.884000Z,2026-08-04T04:15:37.958000Z,2026-08-04T01:50:33.355400Z,2009.0,C3DGP1B9,353,54,Male,Other,United States,United States,United States,English,Yes,Unemployed (and job seeking)
6a713d7b0c3f3030e8ec06f5,6a0a78330496c17b959ff091,APPROVED,Not Applicable,2026-08-04T01:16:48.200000Z,2026-08-04T01:37:08.747000Z,2026-08-04T13:52:27.477000Z,2026-08-04T01:37:09.230112Z,1221.0,C3DGP1B9,127,38,Female,White,United States,United States,United States,English,No,Full-Time
6a713d7c7ee38ccbb7d93259,69af71f810f95e9bdd273643,AWAITING REVIEW,Not Applicable,2026-08-04T01:16:50.894000Z,2026-08-04T01:49:22.770000Z,,2026-08-04T01:49:23.185823Z,1952.0,C3DGP1B9,1504,50,Male,White,United States,United States,United States,English,No,Full-Time
6a713d9effc1aec2c2e5a38d,69cd87da3fd758e854b046dd,AWAITING REVIEW,Not Applicable,2026-08-04T01:17:28.756000Z,2026-08-04T01:28:42.606000Z,,2026-08-04T01:28:43.015080Z,674.0,C3DGP1B9,2090,25,Female,Black,Kenya,United States,United States,English,Yes,Part-Time
6a713fb7913c1115f96c3f82,662958eb81091be0624ab054,APPROVED,Not Applicable,2026-08-04T01:26:22.272000Z,2026-08-04T01:43:49.766000Z,2026-08-04T04:15:42.993000Z,2026-08-04T01:43:50.196090Z,1048.0,C3DGP1B9,1372,50,Female,White,United States,United States,United States,English,No,Full-Time
6a7140639391334691b3b8c9,65dfbf73ec3a047b5653add8,AWAITING REVIEW,Not Applicable,2026-08-04T01:29:10.860000Z,2026-08-04T01:43:56.449000Z,,2026-08-04T01:43:56.869227Z,886.0,C3DGP1B9,9892,54,Female,White,United States,United States,United States,English,DATA_EXPIRED,DATA_EXPIRED
6a7140c8a855b67d7801fbdd,69fa29b3820e091b4a763109,AWAITING REVIEW,Not Applicable,2026-08-04T01:31:17.954000Z,2026-08-04T01:36:51.047000Z,,2026-08-04T04:04:20.220180Z,334.0,C3DGP1B9,879,32,Female,Black,United States,United States,United States,English,No,Other
6a714111b502d45d83e50de0,662bf98a6f25e5ccdce46ebc,AWAITING REVIEW,Not Applicable,2026-08-04T01:32:58.471000Z,2026-08-04T02:10:08.399000Z,,2026-08-04T02:10:08.819034Z,2230.0,C3DGP1B9,7471,73,Female,White,United States,United States,United States,English,No,"Not in paid work (e.g. homemaker', 'retired or disabled)"
6a7142421bb63ef6c1d9a3aa,66240f705ac353a0bb928773,AWAITING REVIEW,Not Applicable,2026-08-04T01:37:15.382000Z,2026-08-04T01:48:49.872000Z,,2026-08-04T01:48:50.285927Z,695.0,C3DGP1B9,3993,42,Female,White,United States,United States,United States,English,No,Full-Time
6a714245d2b6fc9625cb5a5f,6787f20d2450c83ac325e446,AWAITING REVIEW,Not Applicable,2026-08-04T01:37:14.153000Z,2026-08-04T01:50:52.541000Z,,2026-08-04T01:50:53.025769Z,819.0,C3DGP1B9,2009,20,Female,White,United States,United States,Colombia,English,Yes,Part-Time
6a7143f077fd793d84affcaf,68c9adf3ce921224388f11f1,APPROVED,Not Applicable,2026-08-04T01:45:22.543000Z,2026-08-04T02:02:41.645000Z,2026-08-04T04:15:43.468000Z,2026-08-04T02:02:42.128631Z,1040.0,C3DGP1B9,3168,33,Female,Asian,China,United States,United States,Chinese,No,Full-Time
6a7143f835d3d63a44a2bd00,699c7170cd37097e6de91033,AWAITING REVIEW,Not Applicable,2026-08-04T01:44:33.589000Z,2026-08-04T02:01:51.568000Z,,2026-08-04T02:01:51.968822Z,1038.0,C3DGP1B9,794,22,Male,Mixed,United States,United States,United States,English,Yes,Unemployed (and job seeking)
6a7144264439da386b371d97,6a05e1b2bef0d658663c0f91,APPROVED,Not Applicable,2026-08-04T01:45:46.960000Z,2026-08-04T02:02:28.721000Z,2026-08-04T13:52:28.128000Z,2026-08-04T02:02:29.194151Z,1002.0,C3DGP1B9,453,35,Female,White,United States,United States,United States,English,No,Part-Time
6a7145114a3c1452878e634f,6a1ef1b1a71fc108e16cf0af,RETURNED,Not Applicable,2026-08-04T01:49:42.740000Z,,,2026-08-04T04:04:20.222203Z,,,165,CONSENT_REVOKED,CONSENT_REVOKED,CONSENT_REVOKED,CONSENT_REVOKED,CONSENT_REVOKED,CONSENT_REVOKED,CONSENT_REVOKED,CONSENT_REVOKED,CONSENT_REVOKED
6a7145233fec3fe9db268a6e,592bb32c943e670001cde123,AWAITING REVIEW,Not Applicable,2026-08-04T01:49:27.602000Z,2026-08-04T02:23:27.598000Z,,2026-08-04T02:23:28.045352Z,2040.0,C3DGP1B9,9602,41,Male,White,United States,United States,United States,English,No,Full-Time
6a71457a76a558cf77e5fd04,66d0e8813c0a69291c362cba,AWAITING REVIEW,Not Applicable,2026-08-04T01:50:54.720000Z,2026-08-04T02:16:23.752000Z,,2026-08-04T02:16:24.190694Z,1530.0,C3DGP1B9,7445,25,Male,Mixed,United States,United States,United States,English,No,Full-Time
6a714583c0e600c84105a44f,69f4b71550a528dc6eca8356,AWAITING REVIEW,Not Applicable,2026-08-04T01:51:02.176000Z,2026-08-04T02:09:11.230000Z,,2026-08-04T02:09:11.658148Z,1090.0,C3DGP1B9,721,50,Female,White,United States,United States,United States,English,No,Full-Time
6a7145848d148a8ce24c6f57,6a26623dba3ca97e10bd6e4a,APPROVED,Not Applicable,2026-08-04T01:51:06.576000Z,2026-08-04T02:23:22.713000Z,2026-08-04T04:15:38.465000Z,2026-08-04T02:23:23.131198Z,1937.0,C3DGP1B9,1087,41,Male,White,United States,United States,United States,English,No,Full-Time
6a71482327d49f5d2fbd80f1,69fc50a50ea5b1c2699c9eb1,APPROVED,Not Applicable,2026-08-04T02:02:18.681000Z,2026-08-04T02:28:51.881000Z,2026-08-04T04:15:43.955000Z,2026-08-04T02:28:52.306451Z,1594.0,C3DGP1B9,670,34,Female,White,United States,United States,United States,English,No,Part-Time
6a714835ca6d576ee4fdacce,6a0fc912bf37d14ef3a312b0,AWAITING REVIEW,Not Applicable,2026-08-04T02:02:32.929000Z,2026-08-04T02:40:39.801000Z,,2026-08-04T02:40:40.227117Z,2287.0,C3DGP1B9,239,31,Male,Other,United States,United States,United States,English,No,Unemployed (and job seeking)
6a714841cadb9ca169b3b8cd,664f96491b1f7c4bf98dfc87,AWAITING REVIEW,Not Applicable,2026-08-04T02:02:45.954000Z,2026-08-04T02:22:34.852000Z,,2026-08-04T02:22:35.289387Z,1189.0,C3DGP1B9,6245,34,Male,Asian,Macao,United States,United States,Cantonese,No,Full-Time
6a7149ceb6c3e182ab4d44bd,69fa537626374717de9cb09d,AWAITING REVIEW,Not Applicable,2026-08-04T02:09:27.643000Z,2026-08-04T02:25:12.879000Z,,2026-08-04T02:25:13.436262Z,946.0,C3DGP1B9,218,38,Male,White,United States,United States,United States,English,Yes,"Not in paid work (e.g. homemaker', 'retired or disabled)"
6a7149fd429dc1ccc86c3f91,698e561001ec343cc230dcdf,AWAITING REVIEW,Not Applicable,2026-08-04T02:10:12.622000Z,2026-08-04T02:24:16.799000Z,,2026-08-04T02:24:17.233442Z,845.0,C3DGP1B9,2025,43,Male,Black,United States,United States,United States,English,No,Full-Time
6a714b815ce48b30385352e8,6744fb5c6a8a3d8e3f531da3,RETURNED,Not Applicable,2026-08-04T02:16:38.999000Z,,,2026-08-04T04:04:20.222762Z,,,6171,CONSENT_REVOKED,CONSENT_REVOKED,CONSENT_REVOKED,CONSENT_REVOKED,CONSENT_REVOKED,CONSENT_REVOKED,CONSENT_REVOKED,CONSENT_REVOKED,CONSENT_REVOKED
6a714be3b8de0b7f4848265c,66fcd1c4584eed5dbd49859c,AWAITING REVIEW,Not Applicable,2026-08-04T02:18:18.423000Z,2026-08-04T02:44:16.099000Z,,2026-08-04T02:44:16.528187Z,1558.0,C3DGP1B9,2137,41,Female,White,United States,United States,United States,English,DATA_EXPIRED,Other
